{"timestamps": [1530388937.033951], "initial_reset_timestamp": 1530388878.001044, "episode_types": ["t", "t"], "episode_lengths": [1000], "episode_rewards": [27.130480830244004]}