{"timestamps": [1530422910.11], "initial_reset_timestamp": 1530422878.959201, "episode_types": ["t", "t"], "episode_lengths": [501], "episode_rewards": [13.10210958721473]}